timestamp_iso,elapsed_s,run_id,controller_type,enabled,phase,target_temp_c,vessel_temp_c,jacket_temp_c,jacket_minus_vessel_c,heater_pwm_percent,fan_state,safety_limited,safety_reason,ambient_temp_c,seconds_since_pwm_change,predicted_vessel_t_plus_15s,predicted_jacket_t_plus_15s,predicted_vessel_t_plus_30s,predicted_jacket_t_plus_30s,predicted_vessel_t_plus_60s,predicted_jacket_t_plus_60s,vessel_prediction_error_15s,jacket_prediction_error_15s,vessel_prediction_error_30s,jacket_prediction_error_30s,vessel_prediction_error_60s,jacket_prediction_error_60s,arduino_heater_reply,arduino_fan_reply
2026-05-21T11:23:22,44.21,model_control_20260521_112322,model_predictive_control,1,model_control,30.00,21.00,24.90,3.90,60,0,0,,20.90,0.00,20.9639,25.2279,20.9470,26.7524,20.8932,33.4001,,,,,,,OK:THERMAL_ACC=60,OK:FAN_OFF
2026-05-21T11:23:23,45.21,model_control_20260521_112322,model_predictive_control,1,model_control,30.00,21.00,24.90,3.90,60,0,0,,20.90,1.00,20.9644,25.2281,20.9476,26.7514,20.8941,33.3897,,,,,,,OK:THERMAL_ACC=60,OK:FAN_OFF
2026-05-21T11:23:24,46.21,model_control_20260521_112322,model_predictive_control,1,model_control,30.00,21.00,24.90,3.90,60,0,0,,20.90,2.00,20.9644,25.2281,20.9475,26.7516,20.8940,33.3932,,,,,,,OK:THERMAL_ACC=60,OK:FAN_OFF
2026-05-21T11:23:25,47.21,model_control_20260521_112322,model_predictive_control,1,model_control,30.00,21.00,24.80,3.80,60,0,0,,20.90,3.00,20.9641,25.1206,20.9457,26.6628,20.8862,33.5000,,,,,,,OK:THERMAL_ACC=60,OK:FAN_OFF
2026-05-21T11:23:26,48.21,model_control_20260521_112322,model_predictive_control,1,model_control,30.00,21.00,24.90,3.90,60,0,0,,20.90,4.00,20.9644,25.2333,20.9488,26.7501,20.9007,33.2588,,,,,,,OK:THERMAL_ACC=60,OK:FAN_OFF
2026-05-21T11:23:27,49.21,model_control_20260521_112322,model_predictive_control,1,model_control,30.00,21.00,24.80,3.80,60,0,0,,20.90,5.00,20.9845,25.4443,20.9531,27.3574,20.9200,34.2132,,,,,,,OK:THERMAL_ACC=60,OK:FAN_OFF
2026-05-21T11:23:28,50.21,model_control_20260521_112322,model_predictive_control,1,model_control,30.00,21.00,24.80,3.80,60,0,0,,20.90,6.00,20.9840,25.4493,20.9536,27.3569,20.9258,34.0912,,,,,,,OK:THERMAL_ACC=60,OK:FAN_OFF
2026-05-21T11:23:29,51.21,model_control_20260521_112322,model_predictive_control,1,model_control,30.00,21.00,24.80,3.80,60,0,0,,20.90,7.00,20.9841,25.4432,20.9538,27.3536,20.9261,34.1144,,,,,,,OK:THERMAL_ACC=60,OK:FAN_OFF
2026-05-21T11:23:30,52.21,model_control_20260521_112322,model_predictive_control,1,model_control,30.00,21.00,24.80,3.80,60,0,0,,20.90,8.00,20.9847,25.4425,20.9545,27.3525,20.9266,34.1054,,,,,,,OK:THERMAL_ACC=60,OK:FAN_OFF
2026-05-21T11:23:31,53.21,model_control_20260521_112322,model_predictive_control,1,model_control,30.00,21.00,24.80,3.80,60,0,0,,20.90,9.00,20.9840,25.4454,20.9535,27.3570,20.9255,34.1215,,,,,,,OK:THERMAL_ACC=60,OK:FAN_OFF
2026-05-21T11:23:32,54.21,model_control_20260521_112322,model_predictive_control,1,model_control,30.00,21.00,24.80,3.80,60,0,0,,20.90,10.00,20.9839,25.4482,20.9533,27.3582,20.9249,34.1087,,,,,,,OK:THERMAL_ACC=60,OK:FAN_OFF
2026-05-21T11:23:33,55.21,model_control_20260521_112322,model_predictive_control,1,model_control,30.00,20.90,24.80,3.90,60,0,0,,20.90,11.00,20.9402,25.4487,20.9078,27.3489,20.8772,34.0686,,,,,,,OK:THERMAL_ACC=60,OK:FAN_OFF
2026-05-21T11:23:34,56.21,model_control_20260521_112322,model_predictive_control,1,model_control,30.00,21.00,24.90,3.90,60,0,0,,20.90,12.00,20.9305,25.5474,20.9035,27.4421,20.8832,34.0052,,,,,,,OK:THERMAL_ACC=60,OK:FAN_OFF
2026-05-21T11:23:35,57.21,model_control_20260521_112322,model_predictive_control,1,model_control,30.00,21.00,24.80,3.80,60,0,0,,20.90,13.00,20.9843,25.4453,20.9523,27.3626,20.9183,34.2447,,,,,,,OK:THERMAL_ACC=60,OK:FAN_OFF
2026-05-21T11:23:36,58.21,model_control_20260521_112322,model_predictive_control,1,model_control,30.00,21.00,24.90,3.90,60,0,0,,20.90,14.00,20.9853,25.5552,20.9562,27.4450,20.9335,33.9856,,,,,,,OK:THERMAL_ACC=60,OK:FAN_OFF
2026-05-21T11:23:37,59.21,model_control_20260521_112322,model_predictive_control,1,model_control,30.00,21.00,24.90,3.90,60,0,0,,20.90,15.00,20.9740,26.2630,20.9498,28.5933,20.9304,34.9525,,,,,,,OK:THERMAL_ACC=60,OK:FAN_OFF
2026-05-21T11:23:38,60.21,model_control_20260521_112322,model_predictive_control,1,model_control,30.00,21.00,24.90,3.90,60,0,0,,20.90,16.00,20.9735,26.2627,20.9490,28.5950,20.9292,34.9699,0.0361,-0.3279,,,,,OK:THERMAL_ACC=60,OK:FAN_OFF
2026-05-21T11:23:39,61.21,model_control_20260521_112322,model_predictive_control,1,model_control,30.00,21.10,24.90,3.80,60,0,0,,20.90,17.00,21.0182,26.2637,20.9960,28.6021,20.9791,34.9837,0.1356,-0.3281,,,,,OK:THERMAL_ACC=60,OK:FAN_OFF
2026-05-21T11:23:40,62.21,model_control_20260521_112322,model_predictive_control,1,model_control,30.00,21.10,25.00,3.90,60,0,0,,20.90,18.00,21.0726,26.3727,21.0497,28.6953,21.0359,34.9053,0.1356,-0.2281,,,,,OK:THERMAL_ACC=60,OK:FAN_OFF
2026-05-21T11:23:41,63.21,model_control_20260521_112322,model_predictive_control,1,model_control,30.00,21.10,25.00,3.90,60,0,0,,20.90,19.00,21.0727,26.3662,21.0485,28.6948,21.0296,35.0468,0.1359,-0.1206,,,,,OK:THERMAL_ACC=60,OK:FAN_OFF
2026-05-21T11:23:42,64.21,model_control_20260521_112322,model_predictive_control,1,model_control,30.00,21.00,25.10,4.10,60,0,0,,20.90,20.00,21.0292,26.4755,21.0044,28.7768,20.9885,34.9015,0.0155,-0.3443,,,,,OK:THERMAL_ACC=60,OK:FAN_OFF
2026-05-21T11:23:43,65.21,model_control_20260521_112322,model_predictive_control,1,model_control,30.00,21.10,25.10,4.00,60,0,0,,20.90,21.00,21.0183,26.4682,20.9961,28.7888,20.9792,35.0811,0.1160,-0.3493,,,,,OK:THERMAL_ACC=60,OK:FAN_OFF
2026-05-21T11:23:44,66.21,model_control_20260521_112322,model_predictive_control,1,model_control,30.00,21.10,25.10,4.00,60,0,0,,20.90,22.00,21.0731,26.4698,21.0491,28.7886,21.0304,35.0851,,,,,,,OK:THERMAL_ACC=60,OK:FAN_OFF
2026-05-21T11:23:45,67.21,model_control_20260521_112322,model_predictive_control,1,model_control,30.00,21.10,25.20,4.10,60,0,0,,20.90,23.00,21.0740,26.5777,21.0515,28.8758,21.0387,34.9640,0.1159,-0.2432,,,,,OK:THERMAL_ACC=60,OK:FAN_OFF
2026-05-21T11:23:46,68.21,model_control_20260521_112322,model_predictive_control,1,model_control,30.00,21.00,25.20,4.20,60,0,0,,20.90,24.00,21.0288,26.5784,21.0029,28.8759,20.9818,35.0830,0.0153,-0.2425,,,,,OK:THERMAL_ACC=60,OK:FAN_OFF
2026-05-21T11:23:47,69.21,model_control_20260521_112322,model_predictive_control,1,model_control,30.00,21.10,25.30,4.20,60,0,0,,20.90,25.00,21.0187,26.6778,20.9980,28.9704,20.9871,35.0301,0.1160,-0.1454,,,,,OK:THERMAL_ACC=60,OK:FAN_OFF
2026-05-21T11:23:48,70.21,model_control_20260521_112322,model_predictive_control,1,model_control,30.00,21.00,25.40,4.40,60,0,0,,20.90,26.00,21.0294,26.7810,21.0049,29.0524,20.9899,35.0427,0.0598,-0.0487,,,,,OK:THERMAL_ACC=60,OK:FAN_OFF
2026-05-21T11:23:49,71.21,model_control_20260521_112322,model_predictive_control,1,model_control,30.00,21.10,25.50,4.40,60,0,0,,20.90,27.00,21.0201,26.8785,20.9999,29.1472,20.9899,35.0851,0.1695,-0.0474,,,,,OK:THERMAL_ACC=60,OK:FAN_OFF
2026-05-21T11:23:50,72.21,model_control_20260521_112322,model_predictive_control,1,model_control,30.00,21.00,25.60,4.60,60,0,0,,20.90,28.00,21.0301,26.9907,21.0060,29.2379,20.9914,35.0939,,,,,,,OK:THERMAL_ACC=60,OK:FAN_OFF
2026-05-21T11:23:51,73.21,model_control_20260521_112322,model_predictive_control,1,model_control,30.00,21.00,25.70,4.70,60,0,0,,20.90,29.00,20.9757,27.0819,20.9535,29.3235,20.9412,35.1581,0.0147,0.1448,,,,,OK:THERMAL_ACC=60,OK:FAN_OFF
2026-05-21T11:23:52,74.21,model_control_20260521_112322,model_predictive_control,1,model_control,30.00,21.10,25.80,4.70,60,0,0,,20.90,30.00,21.0214,27.7912,21.0079,30.0957,21.0050,35.3908,0.1260,-0.4630,,,,,OK:THERMAL_ACC=60,OK:FAN_OFF
2026-05-21T11:23:53,75.21,model_control_20260521_112322,model_predictive_control,1,model_control,30.00,21.00,25.80,4.80,60,0,0,,20.90,31.00,21.0310,27.7884,21.0120,30.0920,20.9989,35.5330,0.0265,-0.4627,0.0524,-0.9514,,,OK:THERMAL_ACC=60,OK:FAN_OFF
2026-05-21T11:23:54,76.21,model_control_20260521_112322,model_predictive_control,1,model_control,30.00,21.00,26.00,5.00,60,0,0,,20.90,32.00,20.9782,28.0015,20.9646,30.2671,20.9656,35.2892,,,,,,,OK:THERMAL_ACC=60,OK:FAN_OFF
2026-05-21T11:23:55,77.21,model_control_20260521_112322,model_predictive_control,1,model_control,30.00,21.00,26.10,5.10,60,0,0,,20.90,33.00,20.9777,28.1020,20.9627,30.3629,20.9581,35.4665,-0.0182,-0.1637,0.0525,-0.6516,,,OK:THERMAL_ACC=60,OK:FAN_OFF
2026-05-21T11:23:56,78.21,model_control_20260521_112322,model_predictive_control,1,model_control,30.00,21.10,26.10,5.00,60,0,0,,20.90,34.00,21.0221,28.0914,21.0078,30.3699,21.0005,35.6553,0.0273,-0.2662,0.1543,-0.5628,,,OK:THERMAL_ACC=60,OK:FAN_OFF
2026-05-21T11:23:57,79.21,model_control_20260521_112322,model_predictive_control,1,model_control,30.00,21.00,26.40,5.40,60,0,0,,20.90,35.00,21.0325,28.4174,21.0189,30.6311,21.0244,35.3251,,,0.0512,-0.3501,,,OK:THERMAL_ACC=60,OK:FAN_OFF
2026-05-21T11:23:58,80.21,model_control_20260521_112322,model_predictive_control,1,model_control,30.00,21.10,26.40,5.30,60,0,0,,20.90,36.00,21.0223,28.3998,21.0085,30.6451,21.0018,35.7641,0.0817,-0.0682,0.1464,-0.9569,,,OK:THERMAL_ACC=60,OK:FAN_OFF
2026-05-21T11:23:59,81.21,model_control_20260521_112322,model_predictive_control,1,model_control,30.00,21.00,26.60,5.60,20,0,0,,20.90,0.00,21.0399,28.4558,21.0258,29.9391,21.0328,32.3096,-0.0731,0.1302,,,,,OK:THERMAL_ACC=20,OK:FAN_OFF
2026-05-21T11:24:00,82.21,model_control_20260521_112322,model_predictive_control,1,model_control,30.00,21.10,26.70,5.60,20,0,0,,20.90,1.00,21.0375,28.5550,21.0216,30.0448,21.0267,32.5325,0.0260,0.1223,0.1462,-0.6536,,,OK:THERMAL_ACC=20,OK:FAN_OFF
2026-05-21T11:24:01,83.21,model_control_20260521_112322,model_predictive_control,1,model_control,30.00,21.00,26.80,5.80,20,0,0,,20.90,2.00,21.0398,28.6554,21.0247,30.1340,21.0269,32.5904,-0.0288,0.2216,0.0465,-0.5570,,,OK:THERMAL_ACC=20,OK:FAN_OFF
2026-05-21T11:24:02,84.21,model_control_20260521_112322,model_predictive_control,1,model_control,30.00,21.10,26.90,5.80,20,0,0,,20.90,3.00,21.0378,28.7620,21.0223,30.2374,21.0283,32.6630,0.0813,0.2222,0.1467,-0.4582,,,OK:THERMAL_ACC=20,OK:FAN_OFF
2026-05-21T11:24:03,85.21,model_control_20260521_112322,model_predictive_control,1,model_control,30.00,21.10,27.10,6.00,20,0,0,,20.90,4.00,21.0877,28.9692,21.0743,30.4268,21.0849,32.6827,0.0706,0.3190,0.1922,-0.2489,,,OK:THERMAL_ACC=20,OK:FAN_OFF
2026-05-21T11:24:04,86.21,model_control_20260521_112322,model_predictive_control,1,model_control,30.00,21.10,27.20,6.10,20,0,0,,20.90,5.00,21.0756,28.8502,21.0699,30.0568,21.0581,32.3870,,,,,,,OK:THERMAL_ACC=20,OK:FAN_OFF
2026-05-21T11:24:05,87.21,model_control_20260521_112322,model_predictive_control,1,model_control,30.00,21.10,27.30,6.20,20,0,0,,20.90,6.00,21.0754,28.9581,21.0699,30.1554,21.0585,32.4363,0.0799,0.4215,0.1965,-0.1421,,,OK:THERMAL_ACC=20,OK:FAN_OFF
2026-05-21T11:24:06,88.21,model_control_20260521_112322,model_predictive_control,1,model_control,30.00,21.10,27.50,6.40,20,0,0,,20.90,7.00,21.0754,29.1620,21.0714,30.3434,21.0658,32.4623,0.1243,0.4181,0.1438,0.0550,,,OK:THERMAL_ACC=20,OK:FAN_OFF
2026-05-21T11:24:07,89.21,model_control_20260521_112322,model_predictive_control,1,model_control,30.00,21.10,27.60,6.50,20,0,0,,20.90,8.00,21.0766,29.2592,21.0719,30.4377,21.0618,32.6409,,,,,,,OK:THERMAL_ACC=20,OK:FAN_OFF
2026-05-21T11:24:08,90.21,model_control_20260521_112322,model_predictive_control,1,model_control,30.00,21.10,27.80,6.70,20,0,0,,20.90,9.00,21.0762,29.4724,21.0729,30.6322,21.0688,32.6458,0.0786,0.0088,0.1510,-0.7950,,,OK:THERMAL_ACC=20,OK:FAN_OFF
2026-05-21T11:24:09,91.21,model_control_20260521_112322,model_predictive_control,1,model_control,30.00,21.10,27.90,6.80,20,0,0,,20.90,10.00,21.0771,29.5671,21.0727,30.7242,21.0637,32.8327,0.1218,-0.1015,0.1040,-0.7021,,,OK:THERMAL_ACC=20,OK:FAN_OFF
2026-05-21T11:24:10,92.21,model_control_20260521_112322,model_predictive_control,1,model_control,30.00,21.10,28.00,6.90,20,0,0,,20.90,11.00,21.0774,29.6629,21.0733,30.8155,21.0650,32.9194,0.1223,-0.1020,0.0503,-0.6953,,,OK:THERMAL_ACC=20,OK:FAN_OFF
2026-05-21T11:24:11,93.21,model_control_20260521_112322,model_predictive_control,1,model_control,30.00,21.10,28.20,7.10,0,0,0,,20.90,0.00,21.0829,29.8108,21.0793,30.6165,21.0791,31.4820,0.0779,0.1086,0.0515,-0.4948,,,OK:THERMAL_ACC=00,OK:FAN_OFF
2026-05-21T11:24:12,94.21,model_control_20260521_112322,model_predictive_control,1,model_control,30.00,21.10,28.30,7.20,0,0,0,,20.90,1.00,21.0820,29.8973,21.0774,30.7107,21.0724,31.7600,0.0675,-0.1174,,,,,OK:THERMAL_ACC=00,OK:FAN_OFF
2026-05-21T11:24:13,95.21,model_control_20260521_112322,model_predictive_control,1,model_control,30.00,21.10,28.50,7.40,0,0,0,,20.90,2.00,21.0835,30.1132,21.0806,30.9066,21.0818,31.7369,,,0.0956,-0.2768,,,OK:THERMAL_ACC=00,OK:FAN_OFF
2026-05-21T11:24:14,96.21,model_control_20260521_112322,model_predictive_control,1,model_control,30.00,21.10,28.60,7.50,0,0,0,,20.90,3.00,21.0901,29.7326,21.0817,30.2427,21.0719,31.4401,0.0777,0.2002,0.0509,-0.1886,,,OK:THERMAL_ACC=00,OK:FAN_OFF
2026-05-21T11:24:15,97.21,model_control_20260521_112322,model_predictive_control,1,model_control,30.00,21.00,28.70,7.70,0,0,0,,20.90,4.00,21.0410,29.8280,21.0346,30.3316,21.0239,31.5148,-0.0375,0.1450,-0.0515,-0.1758,,,OK:THERMAL_ACC=00,OK:FAN_OFF
2026-05-21T11:24:16,98.21,model_control_20260521_112322,model_predictive_control,1,model_control,30.00,21.10,28.90,7.80,0,0,0,,20.90,5.00,21.0346,29.9398,21.0311,30.3103,21.0201,31.3333,,,,,,,OK:THERMAL_ACC=00,OK:FAN_OFF
2026-05-21T11:24:17,99.21,model_control_20260521_112322,model_predictive_control,1,model_control,30.00,21.10,29.00,7.90,0,0,0,,20.90,6.00,21.0848,30.0289,21.0820,30.3981,21.0653,31.5300,0.0602,0.3446,0.0971,0.1241,,,OK:THERMAL_ACC=00,OK:FAN_OFF
2026-05-21T11:24:18,100.21,model_control_20260521_112322,model_predictive_control,1,model_control,30.00,21.10,29.10,8.00,0,0,0,,20.90,7.00,21.0846,30.1242,21.0823,30.4917,21.0664,31.6471,0.0622,0.3380,0.0951,0.0476,,,OK:THERMAL_ACC=00,OK:FAN_OFF
2026-05-21T11:24:19,101.21,model_control_20260521_112322,model_predictive_control,1,model_control,30.00,21.10,29.30,8.20,0,0,0,,20.90,8.00,21.0856,30.3306,21.0850,30.6824,21.0753,31.6631,0.0244,0.4498,0.1001,0.1528,,,OK:THERMAL_ACC=00,OK:FAN_OFF
2026-05-21T11:24:20,102.21,model_control_20260521_112322,model_predictive_control,1,model_control,30.00,21.10,29.40,8.30,0,0,0,,20.90,9.00,21.0847,30.4215,21.0828,30.7824,21.0678,31.9391,,,,,,,OK:THERMAL_ACC=00,OK:FAN_OFF
2026-05-21T11:24:21,103.21,model_control_20260521_112322,model_predictive_control,1,model_control,30.00,21.10,29.50,8.40,0,0,0,,20.90,10.00,21.0856,30.5173,21.0844,30.8725,21.0707,32.0210,0.0246,0.5419,0.0940,0.2621,,,OK:THERMAL_ACC=00,OK:FAN_OFF
2026-05-21T11:24:22,104.21,model_control_20260521_112322,model_predictive_control,1,model_control,30.00,21.10,29.60,8.50,0,0,0,,20.90,11.00,21.0866,30.6145,21.0856,30.9647,21.0726,32.0989,0.0234,0.3408,0.0921,-0.4957,0.2068,-3.8001,OK:THERMAL_ACC=00,OK:FAN_OFF
2026-05-21T11:24:23,105.21,model_control_20260521_112322,model_predictive_control,1,model_control,30.00,21.10,29.70,8.60,0,0,0,,20.90,12.00,21.0862,30.7147,21.0855,31.0620,21.0729,32.1998,0.0238,0.2276,0.0880,-0.3920,0.2059,-3.6897,OK:THERMAL_ACC=00,OK:FAN_OFF
2026-05-21T11:24:24,106.21,model_control_20260521_112322,model_predictive_control,1,model_control,30.00,21.10,29.90,8.80,0,0,0,,20.90,13.00,21.0868,30.9158,21.0880,31.2512,21.0819,32.2534,0.0229,0.3329,0.1354,-0.3671,0.2060,-3.4932,OK:THERMAL_ACC=00,OK:FAN_OFF
2026-05-21T11:24:25,107.21,model_control_20260521_112322,model_predictive_control,1,model_control,30.00,21.10,29.90,8.80,0,0,0,,20.90,14.00,21.0869,30.8980,21.0856,31.2492,21.0691,32.5560,,,0.1373,-0.4629,,,OK:THERMAL_ACC=00,OK:FAN_OFF
2026-05-21T11:24:26,108.21,model_control_20260521_112322,model_predictive_control,1,model_control,30.00,21.10,30.00,8.90,0,0,0,,20.90,15.00,21.0915,30.7664,21.0896,30.9588,21.0762,32.2059,0.0171,0.1892,0.0922,-0.3699,0.1993,-3.2588,OK:THERMAL_ACC=00,OK:FAN_OFF
2026-05-21T11:24:27,109.21,model_control_20260521_112322,model_predictive_control,1,model_control,30.00,21.10,30.10,9.00,0,0,0,,20.90,16.00,21.0914,30.8508,21.0901,31.0480,21.0775,32.3659,0.0180,0.2027,0.0811,-0.5311,0.1800,-4.1132,OK:THERMAL_ACC=00,OK:FAN_OFF
2026-05-21T11:24:28,110.21,model_control_20260521_112322,model_predictive_control,1,model_control,30.00,21.10,30.20,9.10,0,0,0,,20.90,17.00,21.0923,30.9518,21.0912,31.1410,21.0793,32.4240,0.0165,0.0868,0.0915,-0.4451,0.1742,-3.8912,OK:THERMAL_ACC=00,OK:FAN_OFF
2026-05-21T11:24:29,111.21,model_control_20260521_112322,model_predictive_control,1,model_control,30.00,21.20,30.30,9.10,0,0,0,,20.90,18.00,21.1417,30.6402,21.1355,30.7888,21.1216,32.4514,0.1099,0.5674,0.1742,0.3609,0.2739,-3.8144,OK:THERMAL_ACC=00,OK:FAN_OFF
2026-05-21T11:24:30,112.21,model_control_20260521_112322,model_predictive_control,1,model_control,30.00,21.10,30.30,9.20,0,0,0,,20.90,19.00,21.1406,30.6219,21.1358,30.7746,21.1143,32.5953,0.0590,0.4720,0.0784,0.2552,0.1734,-3.8054,OK:THERMAL_ACC=00,OK:FAN_OFF
2026-05-21T11:24:31,113.21,model_control_20260521_112322,model_predictive_control,1,model_control,30.00,21.10,30.40,9.30,0,0,0,,20.90,20.00,21.0923,30.7248,21.0880,30.8699,21.0737,32.5652,0.0654,0.4602,0.0753,0.2660,0.1745,-3.7215,OK:THERMAL_ACC=00,OK:FAN_OFF
2026-05-21T11:24:32,114.21,model_control_20260521_112322,model_predictive_control,1,model_control,30.00,21.20,30.50,9.30,0,0,0,,20.90,21.00,21.1433,30.8236,21.1378,30.9662,21.1257,32.6517,0.1152,0.4711,0.1777,0.2626,0.2751,-3.6087,OK:THERMAL_ACC=00,OK:FAN_OFF
2026-05-21T11:24:33,115.21,model_control_20260521_112322,model_predictive_control,1,model_control,30.00,21.10,30.50,9.40,0,0,0,,20.90,22.00,21.1424,30.8003,21.1388,30.9491,21.1194,32.8172,,,,,0.2228,-3.5686,OK:THERMAL_ACC=00,OK:FAN_OFF
2026-05-21T11:24:34,116.21,model_control_20260521_112322,model_predictive_control,1,model_control,30.00,21.10,30.60,9.50,0,0,0,,20.90,23.00,21.0947,30.9035,21.0914,31.0424,21.0797,32.7678,0.0144,0.2694,0.0301,0.5432,0.2168,-3.4052,OK:THERMAL_ACC=00,OK:FAN_OFF
2026-05-21T11:24:35,117.21,model_control_20260521_112322,model_predictive_control,1,model_control,30.00,21.10,30.60,9.50,0,0,0,,20.90,24.00,21.0944,30.8897,21.0897,31.0396,21.0723,32.9463,0.0153,0.1785,0.0301,0.4446,0.1817,-3.6447,OK:THERMAL_ACC=00,OK:FAN_OFF
2026-05-21T11:24:36,118.21,model_control_20260521_112322,model_predictive_control,1,model_control,30.00,21.20,30.70,9.50,0,0,0,,20.90,25.00,21.1450,30.9874,21.1406,31.1323,21.1309,32.9324,0.1144,0.1827,0.1286,0.3566,0.2665,-3.2856,OK:THERMAL_ACC=00,OK:FAN_OFF
2026-05-21T11:24:37,119.21,model_control_20260521_112322,model_predictive_control,1,model_control,30.00,21.20,30.70,9.50,0,0,0,,20.90,26.00,21.1944,30.9721,21.1906,31.1216,21.1753,33.0731,0.1134,0.0855,0.1281,0.2623,0.2696,-4.2525,OK:THERMAL_ACC=00,OK:FAN_OFF
2026-05-21T11:24:38,120.21,model_control_20260521_112322,model_predictive_control,1,model_control,30.00,21.20,30.70,9.50,0,0,0,,20.90,27.00,21.1944,30.9575,21.1905,31.1130,21.1754,33.1298,0.1138,-0.0147,0.1271,0.0678,0.2708,-4.2699,OK:THERMAL_ACC=00,OK:FAN_OFF
2026-05-21T11:24:39,121.21,model_control_20260521_112322,model_predictive_control,1,model_control,30.00,21.20,30.80,9.60,0,0,0,,20.90,28.00,21.1949,31.0574,21.1927,31.2024,21.1837,33.0876,0.1132,-0.1158,0.1273,0.0758,0.2209,-4.1837,OK:THERMAL_ACC=00,OK:FAN_OFF
2026-05-21T11:24:40,122.21,model_control_20260521_112322,model_predictive_control,1,model_control,30.00,21.10,30.80,9.70,0,0,0,,20.90,29.00,21.1449,31.0444,21.1429,31.1971,21.1271,33.2436,0.0131,-0.0980,,,0.0641,-4.1053,OK:THERMAL_ACC=00,OK:FAN_OFF
2026-05-21T11:24:41,123.21,model_control_20260521_112322,model_predictive_control,1,model_control,30.00,21.10,30.80,9.70,0,0,0,,20.90,30.00,21.0970,30.8321,21.0918,30.9664,21.0760,33.2167,,,0.0267,-0.0155,0.0704,-4.2468,OK:THERMAL_ACC=00,OK:FAN_OFF
2026-05-21T11:24:42,124.21,model_control_20260521_112322,model_predictive_control,1,model_control,30.00,21.20,30.90,9.70,0,0,0,,20.90,31.00,21.1473,30.9348,21.1423,31.0628,21.1337,33.1866,0.1085,0.1336,0.1226,0.1893,,,OK:THERMAL_ACC=00,OK:FAN_OFF
2026-05-21T11:24:43,125.21,model_control_20260521_112322,model_predictive_control,1,model_control,30.00,21.10,30.90,9.80,0,0,0,,20.90,32.00,21.1463,30.9105,21.1431,31.0457,21.1271,33.3556,0.0086,0.0492,,,0.1115,-4.0015,OK:THERMAL_ACC=00,OK:FAN_OFF
2026-05-21T11:24:44,126.21,model_control_20260521_112322,model_predictive_control,1,model_control,30.00,21.20,31.00,9.80,0,0,0,,20.90,33.00,21.1487,31.0176,21.1443,31.1459,21.1370,33.3128,0.1077,0.0482,0.1183,0.7573,0.1696,-4.0851,OK:THERMAL_ACC=00,OK:FAN_OFF
2026-05-21T11:24:45,127.21,model_control_20260521_112322,model_predictive_control,1,model_control,30.00,21.20,30.90,9.70,0,0,0,,20.90,34.00,21.1956,30.8930,21.1897,31.0458,21.1698,33.5839,0.0583,0.2598,,,0.1613,-4.0640,OK:THERMAL_ACC=00,OK:FAN_OFF
2026-05-21T11:24:46,128.21,model_control_20260521_112322,model_predictive_control,1,model_control,30.00,21.10,31.00,9.90,0,0,0,,20.90,35.00,21.1469,30.9919,21.1453,31.1260,21.1355,33.3934,0.0077,0.2752,0.0689,0.6897,0.1182,-4.0830,OK:THERMAL_ACC=00,OK:FAN_OFF
2026-05-21T11:24:47,129.21,model_control_20260521_112322,model_predictive_control,1,model_control,30.00,21.20,30.90,9.70,0,0,0,,20.90,36.00,21.1495,30.8755,21.1428,31.0300,21.1255,33.6019,0.0567,0.0764,0.1180,0.5019,0.2129,-4.1301,OK:THERMAL_ACC=00,OK:FAN_OFF
2026-05-21T11:24:48,130.21,model_control_20260521_112322,model_predictive_control,1,model_control,30.00,21.20,31.00,9.80,0,0,0,,20.90,37.00,21.1974,30.9803,21.1946,31.1205,21.1869,33.4449,0.0576,0.1997,0.1177,0.5083,0.2101,-4.0427,OK:THERMAL_ACC=00,OK:FAN_OFF
2026-05-21T11:24:49,131.21,model_control_20260521_112322,model_predictive_control,1,model_control,30.00,21.20,31.00,9.80,0,0,0,,20.90,38.00,21.1983,30.9621,21.1946,31.1114,21.1826,33.6119,,,0.1150,0.3176,0.2101,-4.0851,OK:THERMAL_ACC=00,OK:FAN_OFF
2026-05-21T11:24:50,132.21,model_control_20260521_112322,model_predictive_control,1,model_control,30.00,21.20,31.00,9.80,0,0,0,,20.90,39.00,21.1984,30.9550,21.1947,31.1081,21.1826,33.6386,0.1056,0.1103,0.1172,0.2176,0.2086,-4.0939,OK:THERMAL_ACC=00,OK:FAN_OFF
2026-05-21T11:24:51,133.21,model_control_20260521_112322,model_predictive_control,1,model_control,30.00,21.20,31.00,9.80,0,0,0,,20.90,40.00,21.1989,30.9478,21.1954,31.1017,21.1835,33.6562,0.0550,0.0126,0.1156,0.1275,0.2588,-4.1581,OK:THERMAL_ACC=00,OK:FAN_OFF
2026-05-21T11:24:52,134.21,model_control_20260521_112322,model_predictive_control,1,model_control,30.00,21.20,31.00,9.80,0,0,0,,20.90,41.00,21.1995,30.9409,21.1962,31.0971,21.1846,33.6690,,,0.1144,0.0353,0.1950,-4.3908,OK:THERMAL_ACC=00,OK:FAN_OFF
2026-05-21T11:24:53,135.21,model_control_20260521_112322,model_predictive_control,1,model_control,30.00,21.20,31.00,9.80,0,0,0,,20.90,42.00,21.1997,30.9359,21.1965,31.0937,21.1852,33.6887,0.0056,0.0425,0.1145,-0.0620,0.2011,-4.5330,OK:THERMAL_ACC=00,OK:FAN_OFF
2026-05-21T11:24:54,136.21,model_control_20260521_112322,model_predictive_control,1,model_control,30.00,21.20,31.00,9.80,0,0,0,,20.90,43.00,21.2002,30.9216,21.1971,31.0838,21.1864,33.7316,,,0.1120,-0.2512,0.2344,-4.2892,OK:THERMAL_ACC=00,OK:FAN_OFF
2026-05-21T11:24:55,137.21,model_control_20260521_112322,model_predictive_control,1,model_control,30.00,21.20,30.90,9.70,0,0,0,,20.90,44.00,21.1995,30.8120,21.1947,30.9869,21.1782,33.8129,0.0551,-0.1444,0.1144,-0.3492,0.2419,-4.5665,OK:THERMAL_ACC=00,OK:FAN_OFF
2026-05-21T11:24:56,138.21,model_control_20260521_112322,model_predictive_control,1,model_control,30.00,21.20,31.00,9.80,0,0,0,,20.90,45.00,21.1998,30.9205,21.1978,31.0800,21.1925,33.6328,0.1030,0.1679,0.1104,0.0412,0.1995,-4.6553,OK:THERMAL_ACC=00,OK:FAN_OFF
2026-05-21T11:24:57,139.21,model_control_20260521_112322,model_predictive_control,1,model_control,30.00,21.30,30.90,9.60,0,0,0,,20.90,46.00,21.2506,30.7997,21.2447,30.9801,21.2303,33.8520,0.1527,-0.0348,,,0.2756,-4.4251,OK:THERMAL_ACC=00,OK:FAN_OFF
2026-05-21T11:24:58,140.21,model_control_20260521_112322,model_predictive_control,1,model_control,30.00,21.30,31.00,9.70,0,0,0,,20.90,47.00,21.2989,30.9048,21.2973,31.0693,21.2927,33.6812,0.1537,0.0895,0.2099,-0.0480,0.2982,-4.7641,OK:THERMAL_ACC=00,OK:FAN_OFF
2026-05-21T11:24:59,141.21,model_control_20260521_112322,model_predictive_control,1,model_control,30.00,21.20,30.90,9.70,0,0,0,,20.90,48.00,21.2503,30.7809,21.2476,30.9590,21.2311,33.8617,0.0513,-0.1176,0.1088,-0.2410,0.1672,-1.4096,OK:THERMAL_ACC=00,OK:FAN_OFF
2026-05-21T11:25:00,142.21,model_control_20260521_112322,model_predictive_control,1,model_control,30.00,21.20,31.00,9.80,0,0,0,,20.90,49.00,21.2009,30.8994,21.1993,31.0660,21.1943,33.6934,,,0.0645,0.2112,,,OK:THERMAL_ACC=00,OK:FAN_OFF
2026-05-21T11:25:01,143.21,model_control_20260521_112322,model_predictive_control,1,model_control,30.00,21.20,31.00,9.80,0,0,0,,20.90,50.00,21.2006,30.8866,21.1975,31.0632,21.1874,33.8705,0.0044,0.1070,0.0642,0.2254,0.1731,-1.5904,OK:THERMAL_ACC=00,OK:FAN_OFF
2026-05-21T11:25:02,144.21,model_control_20260521_112322,model_predictive_control,1,model_control,30.00,21.20,31.00,9.80,0,0,0,,20.90,51.00,21.2024,30.8826,21.1996,31.0579,21.1899,33.8460,0.0531,0.0081,0.0622,0.0338,0.1717,-1.6630,OK:THERMAL_ACC=00,OK:FAN_OFF
2026-05-21T11:25:03,145.21,model_control_20260521_112322,model_predictive_control,1,model_control,30.00,21.20,30.90,9.70,0,0,0,,20.90,52.00,21.2018,30.7718,21.1977,30.9589,21.1827,33.9293,0.0505,0.0245,0.0612,-0.0491,0.1151,-1.7827,OK:THERMAL_ACC=00,OK:FAN_OFF
2026-05-21T11:25:04,146.21,model_control_20260521_112322,model_predictive_control,1,model_control,30.00,21.20,30.90,9.70,0,0,0,,20.90,53.00,21.2015,30.7697,21.1985,30.9548,21.1885,33.8284,0.0026,-0.0803,,,0.1419,-1.4870,OK:THERMAL_ACC=00,OK:FAN_OFF
2026-05-21T11:25:05,147.21,model_control_20260521_112322,model_predictive_control,1,model_control,30.00,21.20,30.80,9.60,0,0,0,,20.90,54.00,21.2015,30.6614,21.1971,30.8565,21.1817,33.8904,0.0016,-0.1550,0.1103,-0.2396,0.1415,-1.6363,OK:THERMAL_ACC=00,OK:FAN_OFF
2026-05-21T11:25:06,148.21,model_control_20260521_112322,model_predictive_control,1,model_control,30.00,21.30,30.80,9.50,0,0,0,,20.90,55.00,21.2524,30.6627,21.2479,30.8530,21.2397,33.7594,,,,,,,OK:THERMAL_ACC=00,OK:FAN_OFF
2026-05-21T11:25:07,149.21,model_control_20260521_112322,model_predictive_control,1,model_control,30.00,21.30,30.80,9.50,0,0,0,,20.90,56.00,21.3011,30.6596,21.2981,30.8481,21.2888,33.7563,0.1011,-0.1478,0.1594,-0.3323,0.2382,-1.8409,OK:THERMAL_ACC=00,OK:FAN_OFF
2026-05-21T11:25:08,150.21,model_control_20260521_112322,model_predictive_control,1,model_control,30.00,21.20,30.80,9.60,0,0,0,,20.90,57.00,21.2510,30.6568,21.2493,30.8443,21.2382,33.7546,0.0003,-0.1359,0.0095,-0.3130,0.1312,-1.8458,OK:THERMAL_ACC=00,OK:FAN_OFF
2026-05-21T11:25:09,151.21,model_control_20260521_112322,model_predictive_control,1,model_control,30.00,21.30,30.80,9.50,0,0,0,,20.90,58.00,21.2525,30.6555,21.2479,30.8502,21.2394,33.7931,,,,,,,OK:THERMAL_ACC=00,OK:FAN_OFF
2026-05-21T11:25:10,152.21,model_control_20260521_112322,model_predictive_control,1,model_control,30.00,21.20,30.80,9.60,0,0,0,,20.90,59.00,21.2503,30.6516,21.2486,30.8463,21.2370,33.8062,-0.0002,-0.1216,0.0073,-0.4024,0.1363,-2.0327,OK:THERMAL_ACC=00,OK:FAN_OFF
2026-05-21T11:25:11,153.21,model_control_20260521_112322,model_predictive_control,1,model_control,30.00,21.20,30.70,9.50,0,0,0,,20.90,60.00,21.2022,30.5434,21.1976,30.7491,21.1821,33.8643,0.0005,-0.1120,0.0571,-0.4971,0.1350,-2.2194,OK:THERMAL_ACC=00,OK:FAN_OFF
2026-05-21T11:25:12,154.21,model_control_20260521_112322,model_predictive_control,1,model_control,30.00,21.30,30.80,9.50,0,0,0,,20.90,61.00,21.2537,30.6564,21.2507,30.8456,21.2478,33.6555,0.1002,-0.1205,0.1577,-0.2628,0.2276,-0.9600,OK:THERMAL_ACC=00,OK:FAN_OFF
2026-05-21T11:25:13,155.21,model_control_20260521_112322,model_predictive_control,1,model_control,30.00,21.30,30.80,9.50,0,0,0,,20.90,62.00,21.3012,30.6452,21.2983,30.8434,21.2885,33.8290,0.0494,0.0003,0.1569,-0.2457,,,OK:THERMAL_ACC=00,OK:FAN_OFF
2026-05-21T11:25:14,156.21,model_control_20260521_112322,model_predictive_control,1,model_control,30.00,21.20,30.70,9.50,0,0,0,,20.90,63.00,21.2518,30.5307,21.2487,30.7382,21.2322,33.8862,-0.0503,-0.0809,0.0557,-0.4459,0.1281,-0.7401,OK:THERMAL_ACC=00,OK:FAN_OFF
2026-05-21T11:25:15,157.21,model_control_20260521_112322,model_predictive_control,1,model_control,30.00,21.30,30.70,9.40,0,0,0,,20.90,64.00,21.2526,30.5443,21.2476,30.7478,21.2386,33.7577,0.0991,-0.1994,0.1103,-0.3458,0.2761,-0.8148,OK:THERMAL_ACC=00,OK:FAN_OFF
2026-05-21T11:25:16,158.21,model_control_20260521_112322,model_predictive_control,1,model_control,30.00,21.20,30.70,9.50,0,0,0,,20.90,65.00,21.2507,30.5321,21.2487,30.7373,21.2370,33.7905,-0.0006,-0.1866,,,0.1799,-0.6333,OK:THERMAL_ACC=00,OK:FAN_OFF
2026-05-21T11:25:17,159.21,model_control_20260521_112322,model_predictive_control,1,model_control,30.00,21.30,30.70,9.40,0,0,0,,20.90,66.00,21.2531,30.5445,21.2482,30.7470,21.2395,33.7509,,,0.1547,-0.4260,0.2347,-0.8300,OK:THERMAL_ACC=00,OK:FAN_OFF
2026-05-21T11:25:18,160.21,model_control_20260521_112322,model_predictive_control,1,model_control,30.00,21.30,30.60,9.30,0,0,0,,20.90,67.00,21.3018,30.4283,21.2969,30.6428,21.2817,33.8294,0.0976,-0.2826,0.1572,-0.4300,,,OK:THERMAL_ACC=00,OK:FAN_OFF
2026-05-21T11:25:19,161.21,model_control_20260521_112322,model_predictive_control,1,model_control,30.00,21.30,30.60,9.30,0,0,0,,20.90,68.00,21.3013,30.4323,21.2975,30.6424,21.2870,33.7088,0.0985,-0.1697,0.1054,-0.5205,0.2247,-1.0631,OK:THERMAL_ACC=00,OK:FAN_OFF
2026-05-21T11:25:20,162.21,model_control_20260521_112322,model_predictive_control,1,model_control,30.00,21.30,30.60,9.30,0,0,0,,20.90,69.00,21.3017,30.4347,21.2980,30.6442,21.2876,33.6985,0.0985,-0.0614,0.1053,-0.5081,0.2322,-1.3391,OK:THERMAL_ACC=00,OK:FAN_OFF
2026-05-21T11:25:21,163.21,model_control_20260521_112322,model_predictive_control,1,model_control,30.00,21.30,30.60,9.30,0,0,0,,20.90,70.00,21.3018,30.4347,21.2981,30.6444,21.2874,33.6999,0.0476,-0.0627,,,0.2293,-1.4210,OK:THERMAL_ACC=00,OK:FAN_OFF
2026-05-21T11:25:22,164.21,model_control_20260521_112322,model_predictive_control,1,model_control,30.00,21.30,30.50,9.20,0,0,0,,20.90,71.00,21.3022,30.3257,21.2972,30.5449,21.2813,33.7514,-0.0011,-0.1596,0.1038,-0.5971,0.2274,-1.5989,OK:THERMAL_ACC=00,OK:FAN_OFF
2026-05-21T11:25:23,165.21,model_control_20260521_112322,model_predictive_control,1,model_control,30.00,21.30,30.50,9.20,0,0,0,,20.90,72.00,21.3016,30.3296,21.2976,30.5445,21.2868,33.6329,0.0490,-0.1568,0.1035,-0.5937,0.2271,-1.6998,OK:THERMAL_ACC=00,OK:FAN_OFF
2026-05-21T11:25:24,166.21,model_control_20260521_112322,model_predictive_control,1,model_control,30.00,21.30,30.50,9.20,0,0,0,,20.90,73.00,21.3022,30.3299,21.2984,30.5434,21.2876,33.6205,0.0475,-0.1555,,,0.2181,-1.7534,OK:THERMAL_ACC=00,OK:FAN_OFF
2026-05-21T11:25:25,167.21,model_control_20260521_112322,model_predictive_control,1,model_control,30.00,21.30,30.50,9.20,0,0,0,,20.90,74.00,21.3014,30.3356,21.2972,30.5488,21.2861,33.6202,0.0497,-0.1516,0.1053,-0.4869,0.2309,-2.0560,OK:THERMAL_ACC=00,OK:FAN_OFF
2026-05-21T11:25:26,168.21,model_control_20260521_112322,model_predictive_control,1,model_control,30.00,21.30,30.50,9.20,0,0,0,,20.90,75.00,21.3015,30.3317,21.2972,30.5483,21.2861,33.6435,0.0978,-0.0434,,,0.2238,-1.7059,OK:THERMAL_ACC=00,OK:FAN_OFF
2026-05-21T11:25:27,169.21,model_control_20260521_112322,model_predictive_control,1,model_control,30.00,21.30,30.40,9.10,0,0,0,,20.90,76.00,21.3026,30.2258,21.2969,30.4473,21.2802,33.6553,0.0463,-0.2564,0.0553,-0.5801,,,OK:THERMAL_ACC=00,OK:FAN_OFF
2026-05-21T11:25:28,170.21,model_control_20260521_112322,model_predictive_control,1,model_control,30.00,21.30,30.40,9.10,0,0,0,,20.90,77.00,21.3028,30.2251,21.2986,30.4419,21.2874,33.5371,-0.0012,-0.2452,0.0027,-0.6693,0.2225,-1.9659,OK:THERMAL_ACC=00,OK:FAN_OFF
2026-05-21T11:25:29,171.21,model_control_20260521_112322,model_predictive_control,1,model_control,30.00,21.30,30.40,9.10,0,0,0,,20.90,78.00,21.3012,30.2327,21.2966,30.4522,21.2847,33.5582,,,,,0.2207,-2.0240,OK:THERMAL_ACC=00,OK:FAN_OFF
2026-05-21T11:25:30,172.21,model_control_20260521_112322,model_predictive_control,1,model_control,30.00,21.30,30.30,9.00,0,0,0,,20.90,79.00,21.3019,30.1176,21.2961,30.3490,21.2790,33.6274,0.0474,-0.2443,0.1007,-0.7660,0.1857,-2.2953,OK:THERMAL_ACC=00,OK:FAN_OFF
2026-05-21T11:25:31,173.21,model_control_20260521_112322,model_predictive_control,1,model_control,30.00,21.30,30.30,9.00,0,0,0,,20.90,80.00,21.3014,30.1226,21.2966,30.3485,21.2848,33.5054,0.0493,-0.2321,0.1025,-0.7632,0.2263,-2.2652,OK:THERMAL_ACC=00,OK:FAN_OFF
2026-05-21T11:25:32,174.21,model_control_20260521_112322,model_predictive_control,1,model_control,30.00,21.30,30.20,8.90,0,0,0,,20.90,81.00,21.3019,30.0125,21.2958,30.2490,21.2783,33.5583,0.0469,-0.3445,0.1004,-0.8579,0.1743,-2.4517,OK:THERMAL_ACC=00,OK:FAN_OFF
2026-05-21T11:25:33,175.21,model_control_20260521_112322,model_predictive_control,1,model_control,30.00,21.30,30.30,9.00,0,0,0,,20.90,82.00,21.3017,30.1353,21.2982,30.3522,21.2913,33.3389,-0.0018,-0.1283,0.1023,-0.6589,0.1806,-2.5172,OK:THERMAL_ACC=00,OK:FAN_OFF
2026-05-21T11:25:34,176.21,model_control_20260521_112322,model_predictive_control,1,model_control,30.00,21.30,30.30,9.00,0,0,0,,20.90,83.00,21.3016,30.1300,21.2968,30.3546,21.2843,33.4838,-0.0013,-0.1323,0.1015,-0.6548,0.2203,-2.4678,OK:THERMAL_ACC=00,OK:FAN_OFF
2026-05-21T11:25:35,177.21,model_control_20260521_112322,model_predictive_control,1,model_control,30.00,21.40,30.30,8.90,0,0,0,,20.90,84.00,21.3514,30.1366,21.3449,30.3627,21.3334,33.4797,0.0983,-0.1347,0.2029,-0.5565,0.3277,-2.6463,OK:THERMAL_ACC=00,OK:FAN_OFF
2026-05-21T11:25:36,178.21,model_control_20260521_112322,model_predictive_control,1,model_control,30.00,21.30,30.30,9.00,0,0,0,,20.90,85.00,21.3507,30.1322,21.3471,30.3515,21.3332,33.4466,,,0.0521,-0.5530,0.1691,-2.6324,OK:THERMAL_ACC=00,OK:FAN_OFF
2026-05-21T11:25:37,179.21,model_control_20260521_112322,model_predictive_control,1,model_control,30.00,21.30,30.20,8.90,0,0,0,,20.90,86.00,21.3018,30.0271,21.2950,30.2614,21.2761,33.5221,-0.0018,-0.2347,0.0019,-0.6481,,,OK:THERMAL_ACC=00,OK:FAN_OFF
2026-05-21T11:25:38,180.21,model_control_20260521_112322,model_predictive_control,1,model_control,30.00,21.40,30.20,8.80,0,0,0,,20.90,87.00,21.3513,30.0348,21.3445,30.2658,21.3326,33.4107,0.0978,-0.1257,0.1507,-0.6443,0.2246,-2.9298,OK:THERMAL_ACC=00,OK:FAN_OFF
2026-05-21T11:25:39,181.21,model_control_20260521_112322,model_predictive_control,1,model_control,30.00,21.30,30.10,8.80,0,0,0,,20.90,88.00,21.3506,29.9210,21.3452,30.1561,21.3253,33.4395,-0.0022,-0.2299,0.0521,-0.7502,,,OK:THERMAL_ACC=00,OK:FAN_OFF
2026-05-21T11:25:40,182.21,model_control_20260521_112322,model_predictive_control,1,model_control,30.00,21.40,30.20,8.80,0,0,0,,20.90,89.00,21.3518,30.0403,21.3465,30.2630,21.3403,33.2625,,,0.1514,-0.6463,0.2729,-3.0436,OK:THERMAL_ACC=00,OK:FAN_OFF
2026-05-21T11:25:41,183.21,model_control_20260521_112322,model_predictive_control,1,model_control,30.00,21.40,30.10,8.70,0,0,0,,20.90,90.00,21.3997,29.9284,21.3928,30.1667,21.3740,33.4568,0.0985,-0.2317,0.2024,-0.6491,0.3240,-3.1167,OK:THERMAL_ACC=00,OK:FAN_OFF
2026-05-21T11:25:42,184.21,model_control_20260521_112322,model_predictive_control,1,model_control,30.00,21.40,30.10,8.70,0,0,0,,20.90,91.00,21.4005,29.9291,21.3947,30.1619,21.3812,33.3207,0.0974,-0.1258,0.1493,-0.7456,0.2663,-3.0866,OK:THERMAL_ACC=00,OK:FAN_OFF
2026-05-21T11:25:43,185.21,model_control_20260521_112322,model_predictive_control,1,model_control,30.00,21.40,30.10,8.70,0,0,0,,20.90,92.00,21.4009,29.9293,21.3954,30.1609,21.3822,33.3104,,,,,,,OK:THERMAL_ACC=00,OK:FAN_OFF
2026-05-21T11:25:44,186.21,model_control_20260521_112322,model_predictive_control,1,model_control,30.00,21.40,30.00,8.60,0,0,0,,20.90,93.00,21.3995,29.8244,21.3921,30.0698,21.3724,33.3948,0.0972,-0.2251,0.1017,-0.8434,0.2729,-3.3556,OK:THERMAL_ACC=00,OK:FAN_OFF
2026-05-21T11:25:45,187.21,model_control_20260521_112322,model_predictive_control,1,model_control,30.00,21.40,30.00,8.60,0,0,0,,20.90,94.00,21.4007,29.8335,21.3947,30.0674,21.3810,33.2182,0.0988,-0.2327,0.1513,-0.7382,0.2302,-3.5839,OK:THERMAL_ACC=00,OK:FAN_OFF
2026-05-21T11:25:46,188.21,model_control_20260521_112322,model_predictive_control,1,model_control,30.00,21.40,30.00,8.60,0,0,0,,20.90,95.00,21.3999,29.8321,21.3939,30.0699,21.3798,33.2465,0.0981,-0.1176,0.1513,-0.7373,,,OK:THERMAL_ACC=00,OK:FAN_OFF
2026-05-21T11:25:47,189.21,model_control_20260521_112322,model_predictive_control,1,model_control,30.00,21.40,30.00,8.60,0,0,0,,20.90,96.00,21.4005,29.8346,21.3943,30.0709,21.3801,33.2287,0.0986,-0.1226,0.1518,-0.7470,0.2645,-3.3934,OK:THERMAL_ACC=00,OK:FAN_OFF
2026-05-21T11:25:48,190.21,model_control_20260521_112322,model_predictive_control,1,model_control,30.00,21.40,30.00,8.60,0,0,0,,20.90,97.00,21.4004,29.8384,21.3942,30.0720,21.3799,33.2125,0.0983,-0.1353,0.1031,-0.6428,0.2131,-3.4449,OK:THERMAL_ACC=00,OK:FAN_OFF
2026-05-21T11:25:49,191.21,model_control_20260521_112322,model_predictive_control,1,model_control,30.00,21.40,29.90,8.50,0,0,0,,20.90,98.00,21.4003,29.7281,21.3925,29.9738,21.3724,33.2813,,,,,,,OK:THERMAL_ACC=00,OK:FAN_OFF
2026-05-21T11:25:50,192.21,model_control_20260521_112322,model_predictive_control,1,model_control,30.00,21.40,29.90,8.50,0,0,0,,20.90,99.00,21.4010,29.7336,21.3947,29.9706,21.3801,33.1275,0.0984,-0.2300,0.1020,-0.7442,0.2174,-3.7386,OK:THERMAL_ACC=00,OK:FAN_OFF
2026-05-21T11:25:51,193.21,model_control_20260521_112322,model_predictive_control,1,model_control,30.00,21.40,29.90,8.50,0,0,0,,20.90,100.00,21.4003,29.7333,21.3938,29.9723,21.3790,33.1469,0.0486,-0.2366,,,,,OK:THERMAL_ACC=00,OK:FAN_OFF
2026-05-21T11:25:52,194.21,model_control_20260521_112322,model_predictive_control,1,model_control,30.00,21.40,29.90,8.50,0,0,0,,20.90,101.00,21.4000,29.7415,21.3933,29.9791,21.3781,33.1308,0.0493,-0.2322,0.1019,-0.7444,0.2165,-3.7562,OK:THERMAL_ACC=00,OK:FAN_OFF
2026-05-21T11:25:53,195.21,model_control_20260521_112322,model_predictive_control,1,model_control,30.00,21.40,29.90,8.50,0,0,0,,20.90,102.00,21.4006,29.7418,21.3941,29.9780,21.3790,33.1184,0.0982,-0.1271,0.1028,-0.6449,0.2148,-3.7887,OK:THERMAL_ACC=00,OK:FAN_OFF
2026-05-21T11:25:54,196.21,model_control_20260521_112322,model_predictive_control,1,model_control,30.00,21.40,29.80,8.40,0,0,0,,20.90,103.00,21.3998,29.6334,21.3914,29.8841,21.3701,33.2032,0.0494,-0.1210,0.1016,-0.7434,0.2136,-3.9316,OK:THERMAL_ACC=00,OK:FAN_OFF
2026-05-21T11:25:55,197.21,model_control_20260521_112322,model_predictive_control,1,model_control,30.00,21.40,29.80,8.40,0,0,0,,20.90,104.00,21.4006,29.6367,21.3938,29.8780,21.3782,33.0493,,,,,,,OK:THERMAL_ACC=00,OK:FAN_OFF
2026-05-21T11:25:56,198.21,model_control_20260521_112322,model_predictive_control,1,model_control,30.00,21.50,29.80,8.30,0,0,0,,20.90,105.00,21.4505,29.6406,21.4421,29.8853,21.4278,33.0615,0.1003,-0.1284,0.2028,-0.7483,0.3075,-3.8328,OK:THERMAL_ACC=00,OK:FAN_OFF
2026-05-21T11:25:57,199.21,model_control_20260521_112322,model_predictive_control,1,model_control,30.00,21.40,29.80,8.40,0,0,0,,20.90,106.00,21.4490,29.6418,21.4434,29.8799,21.4264,33.0300,,,,,0.1697,-4.0520,OK:THERMAL_ACC=00,OK:FAN_OFF
2026-05-21T11:25:58,200.21,model_control_20260521_112322,model_predictive_control,1,model_control,30.00,21.40,29.80,8.40,0,0,0,,20.90,107.00,21.4003,29.6449,21.3931,29.8854,21.3771,33.0402,-0.0009,-0.1293,0.1031,-0.6473,0.1073,-3.8812,OK:THERMAL_ACC=00,OK:FAN_OFF
2026-05-21T11:25:59,201.21,model_control_20260521_112322,model_predictive_control,1,model_control,30.00,21.50,29.70,8.20,0,0,0,,20.90,108.00,21.4501,29.5384,21.4399,29.7942,21.4193,33.1177,0.1005,-0.1244,0.2014,-0.7419,,,OK:THERMAL_ACC=00,OK:FAN_OFF
2026-05-21T11:26:00,202.21,model_control_20260521_112322,model_predictive_control,1,model_control,30.00,21.40,29.70,8.30,0,0,0,,20.90,109.00,21.4486,29.5449,21.4426,29.7868,21.4248,32.9448,,,0.1034,-0.7522,0.2057,-3.9934,OK:THERMAL_ACC=00,OK:FAN_OFF
2026-05-21T11:26:01,203.21,model_control_20260521_112322,model_predictive_control,1,model_control,30.00,21.40,29.70,8.30,0,0,0,,20.90,110.00,21.4004,29.5483,21.3930,29.7909,21.3765,32.9411,0.0001,-0.1321,0.1039,-0.6490,0.2126,-4.1705,OK:THERMAL_ACC=00,OK:FAN_OFF
2026-05-21T11:26:02,204.21,model_control_20260521_112322,model_predictive_control,1,model_control,30.00,21.40,29.70,8.30,0,0,0,,20.90,111.00,21.3997,29.5540,21.3920,29.7962,21.3748,32.9388,-0.0005,-0.1346,0.1034,-0.6485,0.2101,-4.1460,OK:THERMAL_ACC=00,OK:FAN_OFF
2026-05-21T11:26:03,205.21,model_control_20260521_112322,model_predictive_control,1,model_control,30.00,21.40,29.70,8.30,0,0,0,,20.90,112.00,21.3999,29.5479,21.3922,29.7928,21.3752,32.9620,-0.0004,-0.1384,0.1018,-0.6522,0.2173,-4.2293,OK:THERMAL_ACC=00,OK:FAN_OFF
2026-05-21T11:26:04,206.21,model_control_20260521_112322,model_predictive_control,1,model_control,30.00,21.50,29.60,8.10,0,0,0,,20.90,113.00,21.4502,29.4418,21.4397,29.7003,21.4185,33.0256,0.0997,-0.1281,0.2032,-0.7546,0.3115,-4.2284,OK:THERMAL_ACC=00,OK:FAN_OFF
2026-05-21T11:26:05,207.21,model_control_20260521_112322,model_predictive_control,1,model_control,30.00,21.40,29.60,8.20,0,0,0,,20.90,114.00,21.4491,29.4423,21.4426,29.6884,21.4241,32.8649,,,,,0.2183,-4.2904,OK:THERMAL_ACC=00,OK:FAN_OFF
2026-05-21T11:26:06,208.21,model_control_20260521_112322,model_predictive_control,1,model_control,30.00,21.40,29.70,8.30,0,0,0,,20.90,115.00,21.3998,29.5543,21.3932,29.7945,21.3810,32.8346,-0.0010,-0.0336,0.0551,-0.6627,0.1603,-4.0594,OK:THERMAL_ACC=00,OK:FAN_OFF
2026-05-21T11:26:07,209.21,model_control_20260521_112322,model_predictive_control,1,model_control,30.00,21.40,29.60,8.20,0,0,0,,20.90,116.00,21.3995,29.4458,21.3899,29.7021,21.3665,33.0217,-0.0000,-0.1415,0.1050,-0.6614,0.1112,-4.1563,OK:THERMAL_ACC=00,OK:FAN_OFF
2026-05-21T11:26:08,210.21,model_control_20260521_112322,model_predictive_control,1,model_control,30.00,21.50,29.50,8.00,0,0,0,,20.90,117.00,21.4502,29.3438,21.4390,29.6037,21.4170,32.9330,0.0994,-0.2418,,,0.2618,-4.2546,OK:THERMAL_ACC=00,OK:FAN_OFF
2026-05-21T11:26:09,211.21,model_control_20260521_112322,model_predictive_control,1,model_control,30.00,21.40,29.60,8.20,0,0,0,,20.90,118.00,21.4484,29.4606,21.4430,29.6985,21.4292,32.7092,,,0.0555,-0.6658,0.1606,-4.1931,OK:THERMAL_ACC=00,OK:FAN_OFF
2026-05-21T11:26:10,212.21,model_control_20260521_112322,model_predictive_control,1,model_control,30.00,21.50,29.50,8.00,0,0,0,,20.90,119.00,21.4500,29.3449,21.4386,29.6072,21.4161,32.9435,0.0994,-0.1367,0.1548,-0.6561,0.2630,-4.3062,OK:THERMAL_ACC=00,OK:FAN_OFF
2026-05-21T11:26:11,213.21,model_control_20260521_112322,model_predictive_control,1,model_control,30.00,21.50,29.60,8.10,0,0,0,,20.90,120.00,21.4993,29.4637,21.4924,29.7009,21.4800,32.6979,,,0.1072,-0.5667,0.3179,-4.2643,OK:THERMAL_ACC=00,OK:FAN_OFF
2026-05-21T11:26:12,214.21,model_control_20260521_112322,model_predictive_control,1,model_control,30.00,21.50,29.50,8.00,0,0,0,,20.90,121.00,21.4985,29.3478,21.4884,29.6062,21.4646,32.9242,0.0495,-0.1406,,,0.2522,-4.1555,OK:THERMAL_ACC=00,OK:FAN_OFF
2026-05-21T11:26:13,215.21,model_control_20260521_112322,model_predictive_control,1,model_control,30.00,21.50,29.50,8.00,0,0,0,,20.90,122.00,21.4990,29.3522,21.4904,29.6031,21.4722,32.7758,0.0510,-0.1418,0.1046,-0.6609,0.2115,-4.3290,OK:THERMAL_ACC=00,OK:FAN_OFF
2026-05-21T11:26:14,216.21,model_control_20260521_112322,model_predictive_control,1,model_control,30.00,21.40,29.50,8.10,0,0,0,,20.90,123.00,21.4488,29.3598,21.4416,29.6058,21.4214,32.7455,-0.0501,-0.0384,0.0079,-0.5698,,,OK:THERMAL_ACC=00,OK:FAN_OFF
2026-05-21T11:26:15,217.21,model_control_20260521_112322,model_predictive_control,1,model_control,30.00,21.50,29.50,8.00,0,0,0,,20.90,124.00,21.4500,29.3635,21.4396,29.6154,21.4219,32.7698,0.0514,-0.0449,,,0.2678,-4.3862,OK:THERMAL_ACC=00,OK:FAN_OFF
2026-05-21T11:26:16,218.21,model_control_20260521_112322,model_predictive_control,1,model_control,30.00,21.50,29.40,7.90,0,0,0,,20.90,125.00,21.4986,29.2522,21.4884,29.5120,21.4643,32.8251,,,0.1053,-0.6674,0.2630,-4.3905,OK:THERMAL_ACC=00,OK:FAN_OFF
2026-05-21T11:26:17,219.21,model_control_20260521_112322,model_predictive_control,1,model_control,30.00,21.40,29.40,8.00,0,0,0,,20.90,126.00,21.4486,29.2547,21.4410,29.5061,21.4207,32.6820,0.0003,-0.1540,0.0057,-0.6709,0.1605,-4.3509,OK:THERMAL_ACC=00,OK:FAN_OFF
2026-05-21T11:26:18,220.21,model_control_20260521_112322,model_predictive_control,1,model_control,30.00,21.50,29.40,7.90,0,0,0,,20.90,127.00,21.4500,29.2595,21.4393,29.5157,21.4214,32.7008,,,,,0.2183,-4.4294,OK:THERMAL_ACC=00,OK:FAN_OFF
2026-05-21T11:26:19,221.21,model_control_20260521_112322,model_predictive_control,1,model_control,30.00,21.50,29.30,7.80,0,0,0,,20.90,128.00,21.4984,29.1553,21.4877,29.4188,21.4625,32.7379,0.0498,-0.1418,0.1075,-0.6738,0.2130,-4.4088,OK:THERMAL_ACC=00,OK:FAN_OFF
2026-05-21T11:26:20,222.21,model_control_20260521_112322,model_predictive_control,1,model_control,30.00,21.50,29.30,7.80,0,0,0,,20.90,129.00,21.4984,29.1606,21.4889,29.4170,21.4694,32.6020,0.0509,-0.1423,,,,,OK:THERMAL_ACC=00,OK:FAN_OFF
2026-05-21T11:26:21,223.21,model_control_20260521_112322,model_predictive_control,1,model_control,30.00,21.40,29.30,7.90,0,0,0,,20.90,130.00,21.4484,29.1556,21.4403,29.4104,21.4192,32.6003,0.0002,-0.2543,0.0053,-0.6706,0.1124,-4.3985,OK:THERMAL_ACC=00,OK:FAN_OFF
2026-05-21T11:26:22,224.21,model_control_20260521_112322,model_predictive_control,1,model_control,30.00,21.40,29.30,7.90,0,0,0,,20.90,131.00,21.3991,29.1606,21.3891,29.4200,21.3684,32.6244,,,0.0067,-0.6791,0.1187,-4.4514,OK:THERMAL_ACC=00,OK:FAN_OFF
2026-05-21T11:26:23,225.21,model_control_20260521_112322,model_predictive_control,1,model_control,30.00,21.40,29.20,7.80,0,0,0,,20.90,132.00,21.4000,29.0541,21.3889,29.3220,21.3630,32.6600,0.0005,-0.2458,0.0059,-0.7780,,,OK:THERMAL_ACC=00,OK:FAN_OFF
2026-05-21T11:26:24,226.21,model_control_20260521_112322,model_predictive_control,1,model_control,30.00,21.40,29.30,7.90,0,0,0,,20.90,133.00,21.3994,29.1711,21.3908,29.4209,21.3754,32.4599,-0.0502,-0.0438,,,0.1132,-4.3329,OK:THERMAL_ACC=00,OK:FAN_OFF
2026-05-21T11:26:25,227.21,model_control_20260521_112322,model_predictive_control,1,model_control,30.00,21.30,29.20,7.90,0,0,0,,20.90,134.00,21.3498,29.0573,21.3398,29.3222,21.3119,32.6421,-0.1500,-0.1449,-0.0938,-0.6780,0.0124,-4.4205,OK:THERMAL_ACC=00,OK:FAN_OFF
2026-05-21T11:26:26,228.21,model_control_20260521_112322,model_predictive_control,1,model_control,30.00,21.40,29.20,7.80,0,0,0,,20.90,135.00,21.3515,29.0652,21.3397,29.3259,21.3195,32.5120,,,,,0.1139,-4.4435,OK:THERMAL_ACC=00,OK:FAN_OFF
2026-05-21T11:26:27,229.21,model_control_20260521_112322,model_predictive_control,1,model_control,30.00,21.40,29.20,7.80,0,0,0,,20.90,136.00,21.3993,29.0640,21.3891,29.3261,21.3675,32.5303,-0.0985,-0.1478,-0.0421,-0.6853,,,OK:THERMAL_ACC=00,OK:FAN_OFF
2026-05-21T11:26:28,230.21,model_control_20260521_112322,model_predictive_control,1,model_control,30.00,21.40,29.20,7.80,0,0,0,,20.90,137.00,21.3993,29.0629,21.3889,29.3264,21.3671,32.5372,,,-0.0434,-0.6799,0.1198,-4.4553,OK:THERMAL_ACC=00,OK:FAN_OFF
2026-05-21T11:26:29,231.21,model_control_20260521_112322,model_predictive_control,1,model_control,30.00,21.40,29.10,7.70,0,0,0,,20.90,138.00,21.3991,28.9607,21.3869,29.2310,21.3595,32.5740,-0.0488,-0.2598,-0.0399,-0.6942,0.1153,-4.4582,OK:THERMAL_ACC=00,OK:FAN_OFF
2026-05-21T11:26:30,232.21,model_control_20260521_112322,model_predictive_control,1,model_control,30.00,21.30,29.20,7.90,0,0,0,,20.90,139.00,21.3486,29.0722,21.3406,29.3257,21.3221,32.3884,-0.1500,-0.1635,-0.1426,-0.5868,0.0210,-4.4274,OK:THERMAL_ACC=00,OK:FAN_OFF
2026-05-21T11:26:31,233.21,model_control_20260521_112322,model_predictive_control,1,model_control,30.00,21.40,29.10,7.70,0,0,0,,20.90,140.00,21.3502,28.9649,21.3365,29.2405,21.3096,32.5966,-0.0986,-0.1522,,,,,OK:THERMAL_ACC=00,OK:FAN_OFF
2026-05-21T11:26:32,234.21,model_control_20260521_112322,model_predictive_control,1,model_control,30.00,21.40,29.10,7.70,0,0,0,,20.90,141.00,21.3983,28.9668,21.3873,29.2348,21.3646,32.4680,,,0.0070,-0.6909,0.1152,-4.4054,OK:THERMAL_ACC=00,OK:FAN_OFF
2026-05-21T11:26:33,235.21,model_control_20260521_112322,model_predictive_control,1,model_control,30.00,21.40,29.10,7.70,0,0,0,,20.90,142.00,21.3990,28.9670,21.3881,29.2338,21.3655,32.4556,-0.0500,-0.1595,0.0080,-0.6962,0.1087,-4.2389,OK:THERMAL_ACC=00,OK:FAN_OFF
2026-05-21T11:26:34,236.21,model_control_20260521_112322,model_predictive_control,1,model_control,30.00,21.40,29.00,7.60,0,0,0,,20.90,143.00,21.3992,28.8653,21.3866,29.1399,21.3580,32.4834,,,-0.0397,-0.7003,0.1157,-4.4838,OK:THERMAL_ACC=00,OK:FAN_OFF
2026-05-21T11:26:35,237.21,model_control_20260521_112322,model_predictive_control,1,model_control,30.00,21.40,29.00,7.60,0,0,0,,20.90,144.00,21.3982,28.8710,21.3867,29.1416,21.3632,32.3773,-0.0984,-0.1606,-0.0426,-0.6884,0.0666,-4.4797,OK:THERMAL_ACC=00,OK:FAN_OFF
2026-05-21T11:26:36,238.21,model_control_20260521_112322,model_predictive_control,1,model_control,30.00,21.40,29.00,7.60,0,0,0,,20.90,145.00,21.3982,28.8638,21.3866,29.1383,21.3633,32.4060,-0.0484,-0.1556,0.0068,-0.7945,0.0668,-4.4466,OK:THERMAL_ACC=00,OK:FAN_OFF
2026-05-21T11:26:37,239.21,model_control_20260521_112322,model_predictive_control,1,model_control,30.00,21.40,29.00,7.60,0,0,0,,20.90,146.00,21.3980,28.8698,21.3863,29.1422,21.3628,32.3898,,,,,,,OK:THERMAL_ACC=00,OK:FAN_OFF
2026-05-21T11:26:38,240.21,model_control_20260521_112322,model_predictive_control,1,model_control,30.00,21.40,28.90,7.50,0,0,0,,20.90,147.00,21.3983,28.7691,21.3849,29.0484,21.3555,32.4142,-0.0000,-0.1541,-0.0390,-0.7037,0.0674,-4.5107,OK:THERMAL_ACC=00,OK:FAN_OFF
2026-05-21T11:26:39,241.21,model_control_20260521_112322,model_predictive_control,1,model_control,30.00,21.50,28.90,7.40,0,0,0,,20.90,148.00,21.4479,28.7664,21.4346,29.0463,21.4121,32.3294,0.1006,-0.2711,0.0570,-0.7985,0.1747,-4.5395,OK:THERMAL_ACC=00,OK:FAN_OFF
2026-05-21T11:26:40,242.21,model_control_20260521_112322,model_predictive_control,1,model_control,30.00,21.40,29.00,7.60,0,0,0,,20.90,149.00,21.4464,28.8792,21.4370,29.1416,21.4171,32.2307,0.0502,-0.0573,-0.0386,-0.6072,0.0597,-4.2625,OK:THERMAL_ACC=00,OK:FAN_OFF
2026-05-21T11:26:41,243.21,model_control_20260521_112322,model_predictive_control,1,model_control,30.00,21.50,28.90,7.40,0,0,0,,20.90,150.00,21.4484,28.7636,21.4335,29.0497,21.4053,32.4565,,,,,,,OK:THERMAL_ACC=00,OK:FAN_OFF
2026-05-21T11:26:42,244.21,model_control_20260521_112322,model_predictive_control,1,model_control,30.00,21.40,28.90,7.50,0,0,0,,20.90,151.00,21.4470,28.7701,21.4363,29.0423,21.4108,32.2836,0.0485,-0.1652,-0.0884,-0.7062,0.0260,-4.5568,OK:THERMAL_ACC=00,OK:FAN_OFF
2026-05-21T11:26:43,245.21,model_control_20260521_112322,model_predictive_control,1,model_control,30.00,21.50,28.90,7.40,0,0,0,,20.90,152.00,21.4482,28.7739,21.4344,29.0519,21.4112,32.3059,0.1007,-0.1629,0.0096,-0.7031,0.1178,-4.4104,OK:THERMAL_ACC=00,OK:FAN_OFF
2026-05-21T11:26:44,246.21,model_control_20260521_112322,model_predictive_control,1,model_control,30.00,21.50,28.90,7.40,0,0,0,,20.90,153.00,21.4966,28.7729,21.4845,29.0507,21.4603,32.3103,0.1009,-0.0607,0.0584,-0.7058,0.1276,-4.4948,OK:THERMAL_ACC=00,OK:FAN_OFF
2026-05-21T11:26:45,247.21,model_control_20260521_112322,model_predictive_control,1,model_control,30.00,21.50,28.90,7.40,0,0,0,,20.90,154.00,21.4963,28.7715,21.4838,29.0487,21.4595,32.3187,,,0.0604,-0.7154,0.1190,-4.3182,OK:THERMAL_ACC=00,OK:FAN_OFF
2026-05-21T11:26:46,248.21,model_control_20260521_112322,model_predictive_control,1,model_control,30.00,21.50,28.90,7.40,0,0,0,,20.90,155.00,21.4971,28.7792,21.4848,29.0528,21.4603,32.2762,0.1498,-0.0649,0.0116,-0.6120,0.1202,-4.3465,OK:THERMAL_ACC=00,OK:FAN_OFF
2026-05-21T11:26:47,249.21,model_control_20260521_112322,model_predictive_control,1,model_control,30.00,21.50,28.80,7.30,0,0,0,,20.90,156.00,21.4958,28.6693,21.4819,28.9581,21.4514,32.3769,0.1017,-0.1668,,,0.1199,-4.4287,OK:THERMAL_ACC=00,OK:FAN_OFF
2026-05-21T11:26:48,250.21,model_control_20260521_112322,model_predictive_control,1,model_control,30.00,21.50,28.90,7.40,0,0,0,,20.90,157.00,21.4971,28.7844,21.4861,29.0513,21.4670,32.1418,0.1010,-0.0670,0.0607,-0.6157,,,OK:THERMAL_ACC=00,OK:FAN_OFF
2026-05-21T11:26:49,251.21,model_control_20260521_112322,model_predictive_control,1,model_control,30.00,21.50,28.80,7.30,0,0,0,,20.90,158.00,21.4967,28.6781,21.4826,28.9617,21.4521,32.3290,,,,,0.1276,-4.4813,OK:THERMAL_ACC=00,OK:FAN_OFF
2026-05-21T11:26:50,252.21,model_control_20260521_112322,model_predictive_control,1,model_control,30.00,21.50,28.80,7.30,0,0,0,,20.90,159.00,21.4968,28.6833,21.4840,28.9599,21.4589,32.1911,0.1018,-0.0710,0.0111,-0.6170,0.1199,-4.3275,OK:THERMAL_ACC=00,OK:FAN_OFF
2026-05-21T11:26:51,253.21,model_control_20260521_112322,model_predictive_control,1,model_control,30.00,21.60,28.80,7.20,0,0,0,,20.90,160.00,21.5461,28.6847,21.5319,28.9665,21.5081,32.2246,0.2018,-0.0638,0.1597,-0.6104,0.2210,-4.3469,OK:THERMAL_ACC=00,OK:FAN_OFF
2026-05-21T11:26:52,254.21,model_control_20260521_112322,model_predictive_control,1,model_control,30.00,21.50,28.80,7.30,0,0,0,,20.90,161.00,21.5447,28.6788,21.5334,28.9575,21.5068,32.2163,0.1020,-0.0698,0.1109,-0.6200,0.1219,-4.3308,OK:THERMAL_ACC=00,OK:FAN_OFF
2026-05-21T11:26:53,255.21,model_control_20260521_112322,model_predictive_control,1,model_control,30.00,21.60,28.80,7.20,0,0,0,,20.90,162.00,21.5458,28.6929,21.5314,28.9736,21.5071,32.2120,0.2017,0.0309,0.2111,-0.5220,0.2210,-4.3184,OK:THERMAL_ACC=00,OK:FAN_OFF
2026-05-21T11:26:54,256.21,model_control_20260521_112322,model_predictive_control,1,model_control,30.00,21.50,28.70,7.20,0,0,0,,20.90,163.00,21.5451,28.5720,21.5324,28.8611,21.5002,32.2693,0.0521,-0.0664,0.1092,-0.7209,0.1299,-4.5032,OK:THERMAL_ACC=00,OK:FAN_OFF
2026-05-21T11:26:55,257.21,model_control_20260521_112322,model_predictive_control,1,model_control,30.00,21.50,28.70,7.20,0,0,0,,20.90,164.00,21.4951,28.5835,21.4820,28.8688,21.4559,32.1556,,,,,,,OK:THERMAL_ACC=00,OK:FAN_OFF
2026-05-21T11:26:56,258.21,model_control_20260521_112322,model_predictive_control,1,model_control,30.00,21.60,28.70,7.10,0,0,0,,20.90,165.00,21.5468,28.5883,21.5325,28.8712,21.5083,32.1166,0.1516,-0.0636,0.2603,-0.6259,0.1722,-4.3615,OK:THERMAL_ACC=00,OK:FAN_OFF
2026-05-21T11:26:57,259.21,model_control_20260521_112322,model_predictive_control,1,model_control,30.00,21.60,28.70,7.10,0,0,0,,20.90,166.00,21.5944,28.5846,21.5812,28.8690,21.5553,32.1433,0.1530,-0.0701,0.2109,-0.6261,0.1736,-4.3300,OK:THERMAL_ACC=00,OK:FAN_OFF
2026-05-21T11:26:58,260.21,model_control_20260521_112322,model_predictive_control,1,model_control,30.00,21.60,28.60,7.00,0,0,0,,20.90,167.00,21.5954,28.4759,21.5812,28.7681,21.5503,32.1789,,,0.2111,-0.7264,0.2229,-4.4402,OK:THERMAL_ACC=00,OK:FAN_OFF
2026-05-21T11:26:59,261.21,model_control_20260521_112322,model_predictive_control,1,model_control,30.00,21.50,28.70,7.20,0,0,0,,20.90,168.00,21.5448,28.5935,21.5343,28.8657,21.5121,31.9681,0.0518,-0.0739,,,0.0807,-4.4177,OK:THERMAL_ACC=00,OK:FAN_OFF
2026-05-21T11:27:00,262.21,model_control_20260521_112322,model_predictive_control,1,model_control,30.00,21.60,28.60,7.00,0,0,0,,20.90,169.00,21.5455,28.4773,21.5293,28.7774,21.4986,32.2313,0.1034,-0.1729,0.2131,-0.6310,0.1752,-4.3448,OK:THERMAL_ACC=00,OK:FAN_OFF
2026-05-21T11:27:01,263.21,model_control_20260521_112322,model_predictive_control,1,model_control,30.00,21.60,28.60,7.00,0,0,0,,20.90,170.00,21.5952,28.4861,21.5820,28.7706,21.5560,32.0318,0.1029,-0.1792,0.2635,-0.6405,0.2235,-4.3411,OK:THERMAL_ACC=00,OK:FAN_OFF
2026-05-21T11:27:02,264.21,model_control_20260521_112322,model_predictive_control,1,model_control,30.00,21.60,28.60,7.00,0,0,0,,20.90,171.00,21.5951,28.4883,21.5818,28.7737,21.5555,32.0353,,,,,,,OK:THERMAL_ACC=00,OK:FAN_OFF
2026-05-21T11:27:03,265.21,model_control_20260521_112322,model_predictive_control,1,model_control,30.00,21.60,28.60,7.00,0,0,0,,20.90,172.00,21.5952,28.4850,21.5818,28.7712,21.5554,32.0422,0.1042,-0.0693,0.2127,-0.6348,0.2252,-4.3388,OK:THERMAL_ACC=00,OK:FAN_OFF
2026-05-21T11:27:04,266.21,model_control_20260521_112322,model_predictive_control,1,model_control,30.00,21.50,28.60,7.10,0,0,0,,20.90,173.00,21.5444,28.4923,21.5321,28.7752,21.5037,32.0279,0.0033,-0.0781,0.1134,-0.5399,0.0815,-4.4256,OK:THERMAL_ACC=00,OK:FAN_OFF
2026-05-21T11:27:05,267.21,model_control_20260521_112322,model_predictive_control,1,model_control,30.00,21.60,28.60,7.00,0,0,0,,20.90,174.00,21.5462,28.4963,21.5310,28.7835,21.5051,32.0362,,,,,0.1759,-4.2649,OK:THERMAL_ACC=00,OK:FAN_OFF
2026-05-21T11:27:06,268.21,model_control_20260521_112322,model_predictive_control,1,model_control,30.00,21.60,28.50,6.90,20,0,0,,20.90,0.00,21.5925,28.4857,21.5876,29.0924,21.5643,33.1470,0.1032,-0.1833,0.2134,-0.6383,0.2190,-4.3346,OK:THERMAL_ACC=20,OK:FAN_OFF
2026-05-21T11:27:07,269.21,model_control_20260521_112322,model_predictive_control,1,model_control,30.00,21.70,28.50,6.80,20,0,0,,20.90,1.00,21.6400,28.4917,21.6360,29.0975,21.6196,33.0400,0.1539,-0.1847,,,,,OK:THERMAL_ACC=20,OK:FAN_OFF
2026-05-21T11:27:08,270.21,model_control_20260521_112322,model_predictive_control,1,model_control,30.00,21.60,28.50,6.90,20,0,0,,20.90,2.00,21.6429,28.4954,21.6396,29.0914,21.6200,32.9933,0.0553,-0.1788,0.2137,-0.6422,0.2335,-4.5217,OK:THERMAL_ACC=20,OK:FAN_OFF
2026-05-21T11:27:09,271.21,model_control_20260521_112322,model_predictive_control,1,model_control,30.00,21.60,28.50,6.90,20,0,0,,20.90,3.00,21.5918,28.4990,21.5875,29.0982,21.5686,33.0049,0.0542,-0.1929,0.1654,-0.5463,0.1708,-4.2092,OK:THERMAL_ACC=20,OK:FAN_OFF
2026-05-21T11:27:10,272.21,model_control_20260521_112322,model_predictive_control,1,model_control,30.00,21.60,28.50,6.90,20,0,0,,20.90,4.00,21.5918,28.4928,21.5878,29.0957,21.5693,33.0356,0.1049,-0.0835,,,0.1839,-4.4435,OK:THERMAL_ACC=20,OK:FAN_OFF
